{
    "parent": "item/generated",
    "textures": {
        "layer0": "item/leather_helmet",
        "layer1": "item/leather_helmet_overlay"
    },
    "overrides": [
		{"predicate": {"custom_model_data": 3341},"model": "item/armor_icon/head_r1"},
		{"predicate": {"custom_model_data": 3342},"model": "item/armor_icon/head_r2"},
		{"predicate": {"custom_model_data": 3343},"model": "item/armor_icon/head_r3"},
		{"predicate": {"custom_model_data": 3344},"model": "item/armor_icon/head_r4"},
		{"predicate": {"custom_model_data": 3345},"model": "item/armor_icon/---"}
	]
}