{
    "parent": "item/generated",
    "textures": {
        "layer0": "item/leather_boots",
        "layer1": "item/leather_boots_overlay"
    },
    "overrides": [
		{"predicate": {"custom_model_data": 12341},"model": "item/armor_icon/feet_r1"},
		{"predicate": {"custom_model_data": 12342},"model": "item/armor_icon/feet_r2"},
		{"predicate": {"custom_model_data": 12343},"model": "item/armor_icon/feet_r3"},
		{"predicate": {"custom_model_data": 12344},"model": "item/armor_icon/feet_r4"},
		{"predicate": {"custom_model_data": 12345},"model": "item/armor_icon/feet_r5"},
		{"predicate": {"custom_model_data": 12346},"model": "item/armor_icon/feet_r6"},
		{"predicate": {"custom_model_data": 12347},"model": "item/armor_icon/feet_r7"},
		{"predicate": {"custom_model_data": 12348},"model": "item/armor_icon/---"},
		{"predicate": {"custom_model_data": 12349},"model": "item/armor_icon/---"},
		{"predicate": {"custom_model_data": 123410},"model": "item/armor_icon/---"},
		{"predicate": {"custom_model_data": 123411},"model": "item/armor_icon/---"},
		{"predicate": {"custom_model_data": 123412},"model": "item/armor_icon/---"},
		{"predicate": {"custom_model_data": 123413},"model": "item/armor_icon/---"}
	]
}